count,max,min,sum,ave
10000,9874.610465755648,0.0643602289153509,25030733.66941007,2503.0733669409874
